<?xml version="1.0" encoding="iso-8859-1"?><SUF70UninstallData>
<DataFilePath>C:\Program Files (x86)\handcom\Uninstall\uninstall.dat</DataFilePath>
<CPRegKey>SOFTWARE\Microsoft\Windows\CurrentVersion\Uninstall\handcom1.0</CPRegKey>
<EXELocation>C:\Program Files (x86)\handcom\uninstall.exe</EXELocation>
<AppShortcutFolderPath>C:\Users\christopher.francis\AppData\Roaming\Microsoft\Windows\Start Menu\Programs\handcom</AppShortcutFolderPath>
<UninstallReverseOrder>1</UninstallReverseOrder>
<UninstallFiles>
<File>
<Filename>C:\Program Files (x86)\handcom\handcom9721.exe</Filename>
<DecrementUsageCount>0</DecrementUsageCount>
<UnregisterCOM>0</UnregisterCOM>
<UnregisterFont>0</UnregisterFont>
<FontDesc/>
<BackupFile/>
</File>
</UninstallFiles>
<UninstallShortcuts>
<Filename>C:\Users\christopher.francis\Desktop\DMMDataCollector.lnk</Filename>
<Filename>C:\Users\christopher.francis\AppData\Roaming\Microsoft\Windows\Start Menu\Programs\handcom\DMMDataCollector.lnk</Filename>
<Filename>C:\Users\christopher.francis\AppData\Roaming\Microsoft\Windows\Start Menu\Programs\handcom\Uninstallhandcom.lnk</Filename>
</UninstallShortcuts>
<UninstallSupportFiles>
<Filename>C:\Program Files (x86)\handcom\Uninstall\IRIMG1.JPG</Filename>
<Filename>C:\Program Files (x86)\handcom\Uninstall\IRIMG2.JPG</Filename>
</UninstallSupportFiles>
<UninstallFolders>
<FolderPath>C:\Program Files (x86)\handcom</FolderPath>
<FolderPath>C:\Program Files (x86)\handcom\Uninstall</FolderPath>
<FolderPath>C:\Users\christopher.francis\AppData\Roaming\Microsoft\Windows\Start Menu\Programs\handcom</FolderPath>
</UninstallFolders>
<SessionVars>
<Var>
<Name>%ProductName%</Name>
<Value>handcom</Value>
</Var>
<Var>
<Name>%CompanyName%</Name>
<Value>HLC company</Value>
</Var>
<Var>
<Name>%ProductVer%</Name>
<Value>1.0</Value>
</Var>
<Var>
<Name>%Copyright%</Name>
<Value>@2012 %CompanyName%</Value>
</Var>
<Var>
<Name>%CompanyURL%</Name>
<Value>http://www.foxcompany.com</Value>
</Var>
<Var>
<Name>%WindowTitle%</Name>
<Value>%ProductName% Setup</Value>
</Var>
<Var>
<Name>%WindowTitleUninstall%</Name>
<Value>%ProductName% Uninstaller</Value>
</Var>
<Var>
<Name>%AppFolder%</Name>
<Value>C:\Program Files (x86)\handcom</Value>
</Var>
<Var>
<Name>%AppShortcutFolderName%</Name>
<Value>handcom</Value>
</Var>
<Var>
<Name>%ApplicationDataFolder%</Name>
<Value>C:\Users\christopher.francis\AppData\Roaming</Value>
</Var>
<Var>
<Name>%ApplicationDataFolderCommon%</Name>
<Value>C:\ProgramData</Value>
</Var>
<Var>
<Name>%DesktopFolder%</Name>
<Value>C:\Users\christopher.francis\Desktop</Value>
</Var>
<Var>
<Name>%DesktopFolderCommon%</Name>
<Value>C:\Users\Public\Desktop</Value>
</Var>
<Var>
<Name>%FontsFolder%</Name>
<Value>C:\Windows\Fonts</Value>
</Var>
<Var>
<Name>%MyDocumentsFolder%</Name>
<Value>C:\Users\christopher.francis\Documents</Value>
</Var>
<Var>
<Name>%StartFolder%</Name>
<Value>C:\Users\christopher.francis\AppData\Roaming\Microsoft\Windows\Start Menu</Value>
</Var>
<Var>
<Name>%StartFolderCommon%</Name>
<Value>C:\ProgramData\Microsoft\Windows\Start Menu</Value>
</Var>
<Var>
<Name>%StartProgramsFolder%</Name>
<Value>C:\Users\christopher.francis\AppData\Roaming\Microsoft\Windows\Start Menu\Programs</Value>
</Var>
<Var>
<Name>%StartProgramsFolderCommon%</Name>
<Value>C:\ProgramData\Microsoft\Windows\Start Menu\Programs</Value>
</Var>
<Var>
<Name>%StartupFolder%</Name>
<Value>C:\Users\christopher.francis\AppData\Roaming\Microsoft\Windows\Start Menu\Programs\Startup</Value>
</Var>
<Var>
<Name>%StartupFolderCommon%</Name>
<Value>C:\ProgramData\Microsoft\Windows\Start Menu\Programs\Startup</Value>
</Var>
<Var>
<Name>%CommonDocumentsFolder%</Name>
<Value>C:\Users\Public\Documents</Value>
</Var>
<Var>
<Name>%MyMusicFolder%</Name>
<Value>C:\Users\christopher.francis\Music</Value>
</Var>
<Var>
<Name>%MyMusicFolderCommon%</Name>
<Value>C:\Users\Public\Music</Value>
</Var>
<Var>
<Name>%MyPicturesFolder%</Name>
<Value>C:\Users\christopher.francis\Pictures</Value>
</Var>
<Var>
<Name>%MyPicturesFolderCommon%</Name>
<Value>C:\Users\Public\Pictures</Value>
</Var>
<Var>
<Name>%MyVideosFolder%</Name>
<Value>C:\Users\christopher.francis\Videos</Value>
</Var>
<Var>
<Name>%MyVideosFolderCommon%</Name>
<Value>C:\Users\Public\Videos</Value>
</Var>
<Var>
<Name>%ProgramFilesFolder64%</Name>
<Value>C:\Program Files</Value>
</Var>
<Var>
<Name>%CommonFilesFolder64%</Name>
<Value>C:\Program Files\Common Files</Value>
</Var>
<Var>
<Name>%ProgramFilesFolder%</Name>
<Value>C:\Program Files (x86)</Value>
</Var>
<Var>
<Name>%CommonFilesFolder%</Name>
<Value>C:\Program Files (x86)\Common Files</Value>
</Var>
<Var>
<Name>%SystemFolder%</Name>
<Value>C:\Windows\system32</Value>
</Var>
<Var>
<Name>%WindowsFolder%</Name>
<Value>C:\Windows</Value>
</Var>
<Var>
<Name>%SystemDrive%</Name>
<Value>C:</Value>
</Var>
<Var>
<Name>%TempFolder%</Name>
<Value>C:\Users\CHRIST~1.FRA\AppData\Local\Temp</Value>
</Var>
<Var>
<Name>%TempLaunchFolder%</Name>
<Value>C:\Users\CHRIST~1.FRA\AppData\Local\Temp\_ir_sf_temp_0</Value>
</Var>
<Var>
<Name>%RegOwner%</Name>
<Value>SparkAdmin</Value>
</Var>
<Var>
<Name>%RegOrganization%</Name>
<Value></Value>
</Var>
<Var>
<Name>%AppDrive%</Name>
<Value>C:</Value>
</Var>
<Var>
<Name>%DAOPath%</Name>
<Value>C:\Program Files (x86)\Common Files\Microsoft Shared\DAO</Value>
</Var>
<Var>
<Name>%LaunchUserApplicationDataFolder%</Name>
<Value>C:\Users\christopher.francis\AppData\Roaming</Value>
</Var>
<Var>
<Name>%LaunchUserDesktopFolder%</Name>
<Value>C:\Users\christopher.francis\Desktop</Value>
</Var>
<Var>
<Name>%LaunchUserMyDocumentsFolder%</Name>
<Value>C:\Users\christopher.francis\Documents</Value>
</Var>
<Var>
<Name>%LaunchUserStartProgramsFolder%</Name>
<Value>C:\Users\christopher.francis\AppData\Roaming\Microsoft\Windows\Start Menu\Programs</Value>
</Var>
<Var>
<Name>%LaunchUserStartFolder%</Name>
<Value>C:\Users\christopher.francis\AppData\Roaming\Microsoft\Windows\Start Menu</Value>
</Var>
<Var>
<Name>%LaunchUserStartupFolder%</Name>
<Value>C:\Users\christopher.francis\AppData\Roaming\Microsoft\Windows\Start Menu\Programs\Startup</Value>
</Var>
<Var>
<Name>%LaunchUserMyMusicFolder%</Name>
<Value>C:\Users\christopher.francis\Music</Value>
</Var>
<Var>
<Name>%LaunchUserMyPicturesFolder%</Name>
<Value>C:\Users\christopher.francis\Pictures</Value>
</Var>
<Var>
<Name>%LaunchUserMyVideosFolder%</Name>
<Value>C:\Users\christopher.francis\Videos</Value>
</Var>
<Var>
<Name>%SourceFilename%</Name>
<Value>C:\Users\christopher.francis\Desktop\V0.2 0.3 0.4\handcomNEWV0.2_0.3_0.4_20141021.exe</Value>
</Var>
<Var>
<Name>%SourceFolder%</Name>
<Value>C:\Users\christopher.francis\Desktop\V0.2 0.3 0.4</Value>
</Var>
<Var>
<Name>%SourceDrive%</Name>
<Value>C:</Value>
</Var>
<Var>
<Name>%UserName%</Name>
<Value>SparkAdmin</Value>
</Var>
<Var>
<Name>%UserCompany%</Name>
<Value></Value>
</Var>
<Var>
<Name>%SpaceAvailable%</Name>
<Value>105.41 GB</Value>
</Var>
<Var>
<Name>%SpaceRequired%</Name>
<Value>879 KB</Value>
</Var>
</SessionVars>
</SUF70UninstallData>
